<?xml version="1.0" encoding="UTF-8"?>
<feed xmlns="http://www.w3.org/2005/Atom">

    

    <title>CCKcon 2014</title>
    <generator uri="https://github.com/jekyll/jekyll">Jekyll v2.2.0</generator>
		<icon>http://2014con.cckorea.org/apple-touch-icon-precomposed.png</icon>
    <subtitle>The Third conference of Creative Commons Korea</subtitle>
    <link href="http://2014con.cckorea.org/atom.xml" rel="self"/>
    <link href="http://2014con.cckorea.org/" rel="alternate" type="text/html"/>
    <updated>2014-08-14T19:43:30+09:00</updated>
    <id>http://2014con.cckorea.org/</id>
    <author>
			<name>Creative Commons Korea</name>
			<uri>http://2014con.cckorea.org/</uri>
			<email>creative@cckorea.org</email>
		</author>

    
</feed>